model_name,accuracy,recall,precision,f1
Optimized Random Forest Classifier,0.9602122015915119,0.9528206631489805,0.954894967606832,0.9538476605538281
Optimized Gradient Boosting,0.946949602122016,0.9386033483160706,0.9386033483160706,0.9386033483160706
Optimized SVM,0.9681697612732095,0.9631620089896423,0.9631620089896423,0.9631620089896423
Optuna MLP Classifer,0.9575596816976127,0.9508826786528565,0.9508826786528565,0.9508826786528566
