model_name,accuracy,recall,precision,f1
Optimized Random Forest Classifier,0.9575596816976127,0.9486189824767116,0.9527777777777777,0.9506576794712387
Optimized Gradient Boosting,0.9575596816976127,0.9508826786528565,0.9508826786528565,0.9508826786528566
Optimized SVM,0.9681697612732095,0.9631620089896423,0.9631620089896423,0.9631620089896423
Optuna MLP Classifer,0.9628647214854111,0.9570223438212494,0.9570223438212494,0.9570223438212494
