model_name,accuracy,recall,precision,f1
Optimized Random Forest Classifier,0.9575596816976127,0.9486189824767116,0.9527777777777777,0.9506576794712387
Optimized Gradient Boosting,0.9549071618037135,0.9466809979805876,0.9487271775407369,0.9476940152943385
Optimized SVM,0.9681697612732095,0.9631620089896423,0.9631620089896423,0.9631620089896423
Optuna MLP Classifer,0.9602122015915119,0.9550843593251254,0.953047989623865,0.9540561400658081
